phone,code
50200000001,NTAyMDAwMDAwMDExMDc4Mgo=
50200000002,NTAyMDAwMDAwMDIxMjU5OQo=
50200000003,NTAyMDAwMDAwMDMxNDQxNgo=
50200000004,NTAyMDAwMDAwMDQxNjIzMwo=
50200000005,NTAyMDAwMDAwMDUxODA1MQo=
50200000006,NTAyMDAwMDAwMDYxOTg2OAo=
50200000007,NTAyMDAwMDAwMDcyMTY4NQo=
50200000008,NTAyMDAwMDAwMDgyMzUwMgo=
50200000009,NTAyMDAwMDAwMDkyNTMxOQo=
50200000010,NTAyMDAwMDAwMTAyNzEzNwo=
50200000011,NTAyMDAwMDAwMTEyODk1NAo=
50200000012,NTAyMDAwMDAwMTIzMDc3MQo=
50200000013,NTAyMDAwMDAwMTMzMjU4OAo=
50200000014,NTAyMDAwMDAwMTQxNjM4Cg==
50200000015,NTAyMDAwMDAwMTUzNDU1Cg==
50200000016,NTAyMDAwMDAwMTY1MjcyCg==
50200000017,NTAyMDAwMDAwMTc3MDg5Cg==
50200000018,NTAyMDAwMDAwMTg4OTA2Cg==
50200000019,NTAyMDAwMDAwMTkxMDcyNAo=
50200000020,NTAyMDAwMDAwMjAxMjU0MQo=
50200000021,NTAyMDAwMDAwMjExNDM1OAo=
50200000022,NTAyMDAwMDAwMjIxNjE3NQo=
50200000023,NTAyMDAwMDAwMjMxNzk5Mwo=
50200000024,NTAyMDAwMDAwMjQxOTgxMAo=
50200000025,NTAyMDAwMDAwMjUyMTYyNwo=
50200000026,NTAyMDAwMDAwMjYyMzQ0NAo=
50200000027,NTAyMDAwMDAwMjcyNTI2MQo=
50200000028,NTAyMDAwMDAwMjgyNzA3OQo=
50200000029,NTAyMDAwMDAwMjkyODg5Ngo=
50200000030,NTAyMDAwMDAwMzAzMDcxMwo=
50200000031,NTAyMDAwMDAwMzEzMjUzMAo=
50200000032,NTAyMDAwMDAwMzIxNTgwCg==
50200000033,NTAyMDAwMDAwMzMzMzk3Cg==
50200000034,NTAyMDAwMDAwMzQ1MjE0Cg==
50200000035,NTAyMDAwMDAwMzU3MDMxCg==
50200000036,NTAyMDAwMDAwMzY4ODQ5Cg==
50200000037,NTAyMDAwMDAwMzcxMDY2Ngo=
50200000038,NTAyMDAwMDAwMzgxMjQ4Mwo=
50200000039,NTAyMDAwMDAwMzkxNDMwMAo=
50200000040,NTAyMDAwMDAwNDAxNjExNwo=
50200000041,NTAyMDAwMDAwNDExNzkzNQo=
50200000042,NTAyMDAwMDAwNDIxOTc1Mgo=
50200000043,NTAyMDAwMDAwNDM1NjM5Cg==
50200000044,NTAyMDAwMDAwNDQ3NDU3Cg==
50200000045,NTAyMDAwMDAwNDU5Mjc0Cg==
50200000046,NTAyMDAwMDAwNDYxMTA5MQo=
50200000047,NTAyMDAwMDAwNDcxMjkwOAo=
50200000048,NTAyMDAwMDAwNDgxNDcyNgo=
50200000049,NTAyMDAwMDAwNDkxNjU0Mwo=
50200000050,NTAyMDAwMDAwNTAxODM2MAo=
50200000051,NTAyMDAwMDAwNTEyMDE3Nwo=
50200000052,NTAyMDAwMDAwNTIyMTk5NAo=
50200000053,NTAyMDAwMDAwNTMyMzgxMgo=
50200000054,NTAyMDAwMDAwNTQyNTYyOQo=
50200000055,NTAyMDAwMDAwNTUyNzQ0Ngo=
50200000056,NTAyMDAwMDAwNTYyOTI2Mwo=
50200000057,NTAyMDAwMDAwNTczMTA4MQo=
50200000058,NTAyMDAwMDAwNTgxMzAK
50200000059,NTAyMDAwMDAwNTkxOTQ3Cg==
50200000060,NTAyMDAwMDAwNjAzNzY0Cg==
50200000061,NTAyMDAwMDAwNjE1NTgxCg==
50200000062,NTAyMDAwMDAwNjI3Mzk5Cg==
50200000063,NTAyMDAwMDAwNjM5MjE2Cg==
50200000064,NTAyMDAwMDAwNjQxMTAzMwo=
50200000065,NTAyMDAwMDAwNjUxMjg1MAo=
50200000066,NTAyMDAwMDAwNjYxNDY2OAo=
50200000067,NTAyMDAwMDAwNjcxNjQ4NQo=
50200000068,NTAyMDAwMDAwNjgxODMwMgo=
50200000069,NTAyMDAwMDAwNjkyMDExOQo=
50200000070,NTAyMDAwMDAwNzAyMTkzNgo=
50200000071,NTAyMDAwMDAwNzEyMzc1NAo=
50200000072,NTAyMDAwMDAwNzIyNTU3MQo=
50200000073,NTAyMDAwMDAwNzMyNzM4OAo=
50200000074,NTAyMDAwMDAwNzQyOTIwNQo=
50200000075,NTAyMDAwMDAwNzUzMTAyMwo=
50200000076,NTAyMDAwMDAwNzY3Mgo=
50200000077,NTAyMDAwMDAwNzcxODg5Cg==
50200000078,NTAyMDAwMDAwNzgzNzA2Cg==
50200000079,NTAyMDAwMDAwNzk1NTI0Cg==
50200000080,NTAyMDAwMDAwODA3MzQxCg==
50200000081,NTAyMDAwMDAwODE5MTU4Cg==
50200000082,NTAyMDAwMDAwODIxMDk3NQo=
50200000083,NTAyMDAwMDAwODMxMjc5Mgo=
50200000084,NTAyMDAwMDAwODQxNDYxMAo=
50200000085,NTAyMDAwMDAwODUxNjQyNwo=
50200000086,NTAyMDAwMDAwODYxODI0NAo=
50200000087,NTAyMDAwMDAwODcyMDA2MQo=
50200000088,NTAyMDAwMDAwODgyMTg3OQo=
50200000089,NTAyMDAwMDAwODkyMzY5Ngo=
50200000090,NTAyMDAwMDAwOTAyNTUxMwo=
50200000091,NTAyMDAwMDAwOTEyNzMzMAo=
50200000092,NTAyMDAwMDAwOTIyOTE0Nwo=
50200000093,NTAyMDAwMDAwOTMzMDk2NQo=
50200000094,NTAyMDAwMDAwOTQxNAo=
50200000095,NTAyMDAwMDAwOTUxODMxCg==
50200000096,NTAyMDAwMDAwOTYzNjQ4Cg==
50200000097,NTAyMDAwMDAwOTc1NDY2Cg==
50200000098,NTAyMDAwMDAwOTg3MjgzCg==
50200000099,NTAyMDAwMDAwOTk5MTAwCg==
50200000100,NTAyMDAwMDAxMDAxMDkxNwo=
50200000101,NTAyMDAwMDAxMDExMjczNAo=
50200000102,NTAyMDAwMDAxMDIxNDU1Mgo=
50200000103,NTAyMDAwMDAxMDMxNjM2OQo=
50200000104,NTAyMDAwMDAxMDQxODE4Ngo=
50200000105,NTAyMDAwMDAxMDUyMDAwMwo=
50200000106,NTAyMDAwMDAxMDYyMTgyMQo=
50200000107,NTAyMDAwMDAxMDcyMzYzOAo=
50200000108,NTAyMDAwMDAxMDgyNTQ1NQo=
50200000109,NTAyMDAwMDAxMDkyNzI3Mgo=
50200000110,NTAyMDAwMDAxMTAyOTA4OQo=
50200000111,NTAyMDAwMDAxMTEzMDkwNwo=
50200000112,NTAyMDAwMDAxMTIzMjcyNAo=
50200000113,NTAyMDAwMDAxMTMxNzczCg==
50200000114,NTAyMDAwMDAxMTQzNTkwCg==
50200000115,NTAyMDAwMDAxMTU1NDA4Cg==
50200000116,NTAyMDAwMDAxMTY3MjI1Cg==
50200000117,NTAyMDAwMDAxMTc5MDQyCg==
50200000118,NTAyMDAwMDAxMTgxMDg1OQo=
50200000119,NTAyMDAwMDAxMTkxMjY3Nwo=
50200000120,NTAyMDAwMDAxMjAxNDQ5NAo=
50200000121,NTAyMDAwMDAxMjExNjMxMQo=
50200000122,NTAyMDAwMDAxMjIxODEyOAo=
50200000123,NTAyMDAwMDAxMjMxOTk0NQo=
50200000124,NTAyMDAwMDAxMjQyMTc2Mwo=
50200000125,NTAyMDAwMDAxMjUyMzU4MAo=
50200000126,NTAyMDAwMDAxMjYyNTM5Nwo=
50200000127,NTAyMDAwMDAxMjcyNzIxNAo=
50200000128,NTAyMDAwMDAxMjgyOTAzMgo=
50200000129,NTAyMDAwMDAxMjkzMDg0OQo=
50200000130,NTAyMDAwMDAxMzAzMjY2Ngo=
50200000131,NTAyMDAwMDAxMzExNzE1Cg==
50200000132,NTAyMDAwMDAxMzIzNTMyCg==
50200000133,NTAyMDAwMDAxMzM1MzUwCg==
50200000134,NTAyMDAwMDAxMzQ3MTY3Cg==
50200000135,NTAyMDAwMDAxMzU4OTg0Cg==
50200000136,NTAyMDAwMDAxMzYxMDgwMQo=
50200000137,NTAyMDAwMDAxMzcxMjYxOQo=
50200000138,NTAyMDAwMDAxMzgxNDQzNgo=
50200000139,NTAyMDAwMDAxMzkxNjI1Mwo=
50200000140,NTAyMDAwMDAxNDAxODA3MAo=
50200000141,NTAyMDAwMDAxNDExOTg4Nwo=
50200000142,NTAyMDAwMDAxNDIyMTcwNQo=
50200000143,NTAyMDAwMDAxNDMyMzUyMgo=
50200000144,NTAyMDAwMDAxNDQyNTMzOQo=
50200000145,NTAyMDAwMDAxNDUyNzE1Ngo=
50200000146,NTAyMDAwMDAxNDYyODk3NAo=
50200000147,NTAyMDAwMDAxNDcxNDg2MQo=
50200000148,NTAyMDAwMDAxNDgxNjY3OAo=
50200000149,NTAyMDAwMDAxNDkxODQ5Ngo=
50200000150,NTAyMDAwMDAxNTAyMDMxMwo=
50200000151,NTAyMDAwMDAxNTEyMjEzMAo=
50200000152,NTAyMDAwMDAxNTIyMzk0Nwo=
50200000153,NTAyMDAwMDAxNTMyNTc2NAo=
50200000154,NTAyMDAwMDAxNTQyNzU4Mgo=
50200000155,NTAyMDAwMDAxNTUyOTM5OQo=
50200000156,NTAyMDAwMDAxNTYzMTIxNgo=
50200000157,NTAyMDAwMDAxNTcyNjUK
50200000158,NTAyMDAwMDAxNTgyMDgzCg==
50200000159,NTAyMDAwMDAxNTkzOTAwCg==
50200000160,NTAyMDAwMDAxNjA1NzE3Cg==
50200000161,NTAyMDAwMDAxNjE3NTM0Cg==
50200000162,NTAyMDAwMDAxNjI5MzUyCg==
50200000163,NTAyMDAwMDAxNjMxMTE2OQo=
50200000164,NTAyMDAwMDAxNjQxMjk4Ngo=
50200000165,NTAyMDAwMDAxNjUxNDgwMwo=
50200000166,NTAyMDAwMDAxNjYxNjYyMAo=
50200000167,NTAyMDAwMDAxNjcxODQzOAo=
50200000168,NTAyMDAwMDAxNjgyMDI1NQo=
50200000169,NTAyMDAwMDAxNjkyMjA3Mgo=
50200000170,NTAyMDAwMDAxNzAyMzg4OQo=
50200000171,NTAyMDAwMDAxNzEyNTcwNwo=
50200000172,NTAyMDAwMDAxNzIyNzUyNAo=
50200000173,NTAyMDAwMDAxNzMyOTM0MQo=
50200000174,NTAyMDAwMDAxNzQzMTE1OAo=
50200000175,NTAyMDAwMDAxNzUyMDcK
50200000176,NTAyMDAwMDAxNzYyMDI1Cg==
50200000177,NTAyMDAwMDAxNzczODQyCg==
50200000178,NTAyMDAwMDAxNzg1NjU5Cg==
50200000179,NTAyMDAwMDAxNzk3NDc2Cg==
50200000180,NTAyMDAwMDAxODA5Mjk0Cg==
50200000181,NTAyMDAwMDAxODExMTExMQo=
50200000182,NTAyMDAwMDAxODIxMjkyOAo=
50200000183,NTAyMDAwMDAxODMxNDc0NQo=
50200000184,NTAyMDAwMDAxODQxNjU2Mgo=
50200000185,NTAyMDAwMDAxODUxODM4MAo=
50200000186,NTAyMDAwMDAxODYyMDE5Nwo=
50200000187,NTAyMDAwMDAxODcyMjAxNAo=
50200000188,NTAyMDAwMDAxODgyMzgzMQo=
50200000189,NTAyMDAwMDAxODkyNTY0OQo=
50200000190,NTAyMDAwMDAxOTAyNzQ2Ngo=
50200000191,NTAyMDAwMDAxOTEyOTI4Mwo=
50200000192,NTAyMDAwMDAxOTIzMTEwMAo=
50200000193,NTAyMDAwMDAxOTMxNTAK
50200000194,NTAyMDAwMDAxOTQxOTY3Cg==
50200000195,NTAyMDAwMDAxOTUzNzg0Cg==
50200000196,NTAyMDAwMDAxOTY1NjAxCg==
50200000197,NTAyMDAwMDAxOTc3NDE4Cg==
50200000198,NTAyMDAwMDAxOTg5MjM2Cg==
50200000199,NTAyMDAwMDAxOTkxMTA1Mwo=
50200000200,NTAyMDAwMDAyMDAxMjg3MAo=
50200000201,NTAyMDAwMDAyMDExNDY4Nwo=
50200000202,NTAyMDAwMDAyMDIxNjUwNQo=
50200000203,NTAyMDAwMDAyMDMxODMyMgo=
50200000204,NTAyMDAwMDAyMDQyMDEzOQo=
50200000205,NTAyMDAwMDAyMDU2MDI3Cg==
50200000206,NTAyMDAwMDAyMDY3ODQ0Cg==
50200000207,NTAyMDAwMDAyMDc5NjYxCg==
50200000208,NTAyMDAwMDAyMDgxMTQ3OAo=
50200000209,NTAyMDAwMDAyMDkxMzI5NQo=
50200000210,NTAyMDAwMDAyMTAxNTExMwo=
50200000211,NTAyMDAwMDAyMTExNjkzMAo=
50200000212,NTAyMDAwMDAyMTIxODc0Nwo=
50200000213,NTAyMDAwMDAyMTMyMDU2NAo=
50200000214,NTAyMDAwMDAyMTQyMjM4Mgo=
50200000215,NTAyMDAwMDAyMTUyNDE5OQo=
50200000216,NTAyMDAwMDAyMTYyNjAxNgo=
50200000217,NTAyMDAwMDAyMTcyNzgzMwo=
50200000218,NTAyMDAwMDAyMTgyOTY1MAo=
50200000219,NTAyMDAwMDAyMTkzMTQ2OAo=
50200000220,NTAyMDAwMDAyMjA1MTcK
50200000221,NTAyMDAwMDAyMjEyMzM0Cg==
50200000222,NTAyMDAwMDAyMjI0MTUxCg==
50200000223,NTAyMDAwMDAyMjM1OTY5Cg==
50200000224,NTAyMDAwMDAyMjQ3Nzg2Cg==
50200000225,NTAyMDAwMDAyMjU5NjAzCg==
50200000226,NTAyMDAwMDAyMjYxMTQyMAo=
50200000227,NTAyMDAwMDAyMjcxMzIzNwo=
50200000228,NTAyMDAwMDAyMjgxNTA1NQo=
50200000229,NTAyMDAwMDAyMjkxNjg3Mgo=
50200000230,NTAyMDAwMDAyMzAxODY4OQo=
50200000231,NTAyMDAwMDAyMzEyMDUwNgo=
50200000232,NTAyMDAwMDAyMzIyMjMyNAo=
50200000233,NTAyMDAwMDAyMzMyNDE0MQo=
50200000234,NTAyMDAwMDAyMzQyNTk1OAo=
50200000235,NTAyMDAwMDAyMzUyNzc3NQo=
50200000236,NTAyMDAwMDAyMzYyOTU5Mwo=
50200000237,NTAyMDAwMDAyMzczMTQxMAo=
50200000238,NTAyMDAwMDAyMzg0NTkK
50200000239,NTAyMDAwMDAyMzkyMjc2Cg==
50200000240,NTAyMDAwMDAyNDA0MDkzCg==
50200000241,NTAyMDAwMDAyNDE1OTExCg==
50200000242,NTAyMDAwMDAyNDI3NzI4Cg==
50200000243,NTAyMDAwMDAyNDM5NTQ1Cg==
50200000244,NTAyMDAwMDAyNDQxMTM2Mgo=
50200000245,NTAyMDAwMDAyNDUxMzE4MAo=
50200000246,NTAyMDAwMDAyNDYxNDk5Nwo=
50200000247,NTAyMDAwMDAyNDcxNjgxNAo=
50200000248,NTAyMDAwMDAyNDgxODYzMQo=
50200000249,NTAyMDAwMDAyNDkyMDQ0OAo=
50200000250,NTAyMDAwMDAyNTAyMjI2Ngo=
50200000251,NTAyMDAwMDAyNTEyNDA4Mwo=
50200000252,NTAyMDAwMDAyNTIyNTkwMAo=
50200000253,NTAyMDAwMDAyNTMyNzcxNwo=
50200000254,NTAyMDAwMDAyNTQyOTUzNQo=
50200000255,NTAyMDAwMDAyNTUzMTM1Mgo=
50200000256,NTAyMDAwMDAyNTY0MDEK
50200000257,NTAyMDAwMDAyNTcyMjE4Cg==
50200000258,NTAyMDAwMDAyNTg0MDM1Cg==
50200000259,NTAyMDAwMDAyNTk1ODUzCg==
50200000260,NTAyMDAwMDAyNjA3NjcwCg==
50200000261,NTAyMDAwMDAyNjE5NDg3Cg==
50200000262,NTAyMDAwMDAyNjIxMTMwNAo=
50200000263,NTAyMDAwMDAyNjMxMzEyMgo=
50200000264,NTAyMDAwMDAyNjQxNDkzOQo=
50200000265,NTAyMDAwMDAyNjUxNjc1Ngo=
50200000266,NTAyMDAwMDAyNjYxODU3Mwo=
50200000267,NTAyMDAwMDAyNjcyMDM5MAo=
50200000268,NTAyMDAwMDAyNjgyMjIwOAo=
50200000269,NTAyMDAwMDAyNjkyNDAyNQo=
50200000270,NTAyMDAwMDAyNzAyNTg0Mgo=
50200000271,NTAyMDAwMDAyNzEyNzY1OQo=
50200000272,NTAyMDAwMDAyNzIyOTQ3Nwo=
50200000273,NTAyMDAwMDAyNzMzMTI5NAo=
50200000274,NTAyMDAwMDAyNzQzNDMK
50200000275,NTAyMDAwMDAyNzUyMTYwCg==
50200000276,NTAyMDAwMDAyNzYzOTc4Cg==
50200000277,NTAyMDAwMDAyNzc1Nzk1Cg==
50200000278,NTAyMDAwMDAyNzg3NjEyCg==
50200000279,NTAyMDAwMDAyNzk5NDI5Cg==
50200000280,NTAyMDAwMDAyODAxMTI0Ngo=
50200000281,NTAyMDAwMDAyODExMzA2NAo=
50200000282,NTAyMDAwMDAyODIxNDg4MQo=
50200000283,NTAyMDAwMDAyODMxNjY5OAo=
50200000284,NTAyMDAwMDAyODQxODUxNQo=
50200000285,NTAyMDAwMDAyODUyMDMzMwo=
50200000286,NTAyMDAwMDAyODYyMjE1MAo=
50200000287,NTAyMDAwMDAyODcyMzk2Nwo=
50200000288,NTAyMDAwMDAyODgyNTc4NAo=
50200000289,NTAyMDAwMDAyODkyNzYwMQo=
50200000290,NTAyMDAwMDAyOTAyOTQxOQo=
50200000291,NTAyMDAwMDAyOTEzMTIzNgo=
50200000292,NTAyMDAwMDAyOTIyODUK
50200000293,NTAyMDAwMDAyOTMyMTAyCg==
50200000294,NTAyMDAwMDAyOTQzOTIwCg==
50200000295,NTAyMDAwMDAyOTU1NzM3Cg==
50200000296,NTAyMDAwMDAyOTY3NTU0Cg==
50200000297,NTAyMDAwMDAyOTc5MzcxCg==
50200000298,NTAyMDAwMDAyOTgxMTE4OAo=
50200000299,NTAyMDAwMDAyOTkxMzAwNgo=
50200000300,NTAyMDAwMDAzMDAxNDgyMwo=
50200000301,NTAyMDAwMDAzMDExNjY0MAo=
50200000302,NTAyMDAwMDAzMDIxODQ1Nwo=
50200000303,NTAyMDAwMDAzMDMyMDI3NQo=
50200000304,NTAyMDAwMDAzMDQyMjA5Mgo=
50200000305,NTAyMDAwMDAzMDUyMzkwOQo=
50200000306,NTAyMDAwMDAzMDY5Nzk3Cg==
50200000307,NTAyMDAwMDAzMDcxMTYxNAo=
50200000308,NTAyMDAwMDAzMDgzMDI2OQo=
50200000309,NTAyMDAwMDAzMDkzMjA4Nwo=
50200000310,NTAyMDAwMDAzMTAxMTM2Cg==
50200000311,NTAyMDAwMDAzMTEyOTUzCg==
50200000312,NTAyMDAwMDAzMTI0NzcwCg==
50200000313,NTAyMDAwMDAzMTM2NTg3Cg==
50200000314,NTAyMDAwMDAzMTQ4NDA1Cg==
50200000315,NTAyMDAwMDAzMTUxMDIyMgo=
50200000316,NTAyMDAwMDAzMTYxMjAzOQo=
50200000317,NTAyMDAwMDAzMTcxMzg1Ngo=
50200000318,NTAyMDAwMDAzMTgxNTY3NAo=
50200000319,NTAyMDAwMDAzMTkxNzQ5MQo=
50200000320,NTAyMDAwMDAzMjAxOTMwOAo=
50200000321,NTAyMDAwMDAzMjEyMTEyNQo=
50200000322,NTAyMDAwMDAzMjIyMjk0Mwo=
50200000323,NTAyMDAwMDAzMjMyNDc2MAo=
50200000324,NTAyMDAwMDAzMjQyNjU3Nwo=
50200000325,NTAyMDAwMDAzMjUyODM5NAo=
50200000326,NTAyMDAwMDAzMjYzMDIxMQo=
50200000327,NTAyMDAwMDAzMjczMjAyOQo=
50200000328,NTAyMDAwMDAzMjgxMDc4Cg==
50200000329,NTAyMDAwMDAzMjkyODk1Cg==
50200000330,NTAyMDAwMDAzMzA0NzEyCg==
50200000331,NTAyMDAwMDAzMzE2NTMwCg==
50200000332,NTAyMDAwMDAzMzI4MzQ3Cg==
50200000333,NTAyMDAwMDAzMzMxMDE2NAo=
50200000334,NTAyMDAwMDAzMzQxMTk4MQo=
50200000335,NTAyMDAwMDAzMzUxMzc5OAo=
50200000336,NTAyMDAwMDAzMzYxNTYxNgo=
50200000337,NTAyMDAwMDAzMzcxNTAzCg==
50200000338,NTAyMDAwMDAzMzgzMzIwCg==
50200000339,NTAyMDAwMDAzMzk1MTM4Cg==
50200000340,NTAyMDAwMDAzNDA2OTU1Cg==
50200000341,NTAyMDAwMDAzNDE4NzcyCg==
50200000342,NTAyMDAwMDAzNDIxMDU4OQo=
50200000343,NTAyMDAwMDAzNDMxMjQwNwo=
50200000344,NTAyMDAwMDAzNDQxNDIyNAo=
50200000345,NTAyMDAwMDAzNDUxNjA0MQo=
50200000346,NTAyMDAwMDAzNDYxNzg1OAo=
50200000347,NTAyMDAwMDAzNDcxOTY3NQo=
50200000348,NTAyMDAwMDAzNDgyMTQ5Mwo=
50200000349,NTAyMDAwMDAzNDkyMzMxMAo=
50200000350,NTAyMDAwMDAzNTAyNTEyNwo=
50200000351,NTAyMDAwMDAzNTEyNjk0NAo=
50200000352,NTAyMDAwMDAzNTIyODc2Mgo=
50200000353,NTAyMDAwMDAzNTMzMDU3OQo=
50200000354,NTAyMDAwMDAzNTQzMjM5Ngo=
50200000355,NTAyMDAwMDAzNTUxNDQ1Cg==
50200000356,NTAyMDAwMDAzNTYzMjYyCg==
50200000357,NTAyMDAwMDAzNTc1MDgwCg==
50200000358,NTAyMDAwMDAzNTg2ODk3Cg==
50200000359,NTAyMDAwMDAzNTk4NzE0Cg==
50200000360,NTAyMDAwMDAzNjAxMDUzMQo=
50200000361,NTAyMDAwMDAzNjExMjM0OQo=
50200000362,NTAyMDAwMDAzNjIxNDE2Ngo=
50200000363,NTAyMDAwMDAzNjMxNTk4Mwo=
50200000364,NTAyMDAwMDAzNjQxNzgwMAo=
50200000365,NTAyMDAwMDAzNjUxOTYxOAo=
50200000366,NTAyMDAwMDAzNjYyMTQzNQo=
50200000367,NTAyMDAwMDAzNjcyMzI1Mgo=
50200000368,NTAyMDAwMDAzNjgyNTA2OQo=
50200000369,NTAyMDAwMDAzNjkyNjg4Ngo=
50200000370,NTAyMDAwMDAzNzAyODcwNAo=
50200000371,NTAyMDAwMDAzNzEzMDUyMQo=
50200000372,NTAyMDAwMDAzNzIzMjMzOAo=
50200000373,NTAyMDAwMDAzNzMxMzg3Cg==
50200000374,NTAyMDAwMDAzNzQzMjA1Cg==
50200000375,NTAyMDAwMDAzNzU1MDIyCg==
50200000376,NTAyMDAwMDAzNzY2ODM5Cg==
50200000377,NTAyMDAwMDAzNzc4NjU2Cg==
50200000378,NTAyMDAwMDAzNzgxMDQ3Mwo=
50200000379,NTAyMDAwMDAzNzkxMjI5MQo=
50200000380,NTAyMDAwMDAzODAxNDEwOAo=
50200000381,NTAyMDAwMDAzODExNTkyNQo=
50200000382,NTAyMDAwMDAzODIxNzc0Mgo=
50200000383,NTAyMDAwMDAzODMxOTU2MAo=
50200000384,NTAyMDAwMDAzODQyMTM3Nwo=
50200000385,NTAyMDAwMDAzODUyMzE5NAo=
50200000386,NTAyMDAwMDAzODYyNTAxMQo=
50200000387,NTAyMDAwMDAzODcyNjgyOAo=
50200000388,NTAyMDAwMDAzODgyODY0Ngo=
50200000389,NTAyMDAwMDAzODkzMDQ2Mwo=
50200000390,NTAyMDAwMDAzOTAzMjI4MAo=
50200000391,NTAyMDAwMDAzOTExMzI5Cg==
50200000392,NTAyMDAwMDAzOTIzMTQ3Cg==
50200000393,NTAyMDAwMDAzOTM0OTY0Cg==
50200000394,NTAyMDAwMDAzOTQ2NzgxCg==
50200000395,NTAyMDAwMDAzOTU4NTk4Cg==
50200000396,NTAyMDAwMDAzOTYxMDQxNQo=
50200000397,NTAyMDAwMDAzOTcxMjIzMwo=
50200000398,NTAyMDAwMDAzOTgxNDA1MAo=
50200000399,NTAyMDAwMDAzOTkxNTg2Nwo=
50200000400,NTAyMDAwMDA0MDAxNzY4NAo=
50200000401,NTAyMDAwMDA0MDExOTUwMgo=
50200000402,NTAyMDAwMDA0MDIyMTMxOQo=
50200000403,NTAyMDAwMDA0MDMyMzEzNgo=
50200000404,NTAyMDAwMDA0MDQyNDk1Mwo=
50200000405,NTAyMDAwMDA0MDUyNjc3MQo=
50200000406,NTAyMDAwMDA0MDYyODU4OAo=
50200000407,NTAyMDAwMDA0MDczMDQwNQo=
50200000408,NTAyMDAwMDA0MDgzMjIyMgo=
50200000409,NTAyMDAwMDA0MDkxMjcxCg==
50200000410,NTAyMDAwMDA0MTAzMDg5Cg==
50200000411,NTAyMDAwMDA0MTE0OTA2Cg==
50200000412,NTAyMDAwMDA0MTI2NzIzCg==
50200000413,NTAyMDAwMDA0MTM4NTQwCg==
50200000414,NTAyMDAwMDA0MTQxMDM1OAo=
50200000415,NTAyMDAwMDA0MTUxMjE3NQo=
50200000416,NTAyMDAwMDA0MTYxMzk5Mgo=
50200000417,NTAyMDAwMDA0MTczMjY0OAo=
50200000418,NTAyMDAwMDA0MTgxNjk3Cg==
50200000419,NTAyMDAwMDA0MTkyMDM1Mgo=
50200000420,NTAyMDAwMDA0MjAyMzA3OAo=
50200000421,NTAyMDAwMDA0MjEyNDg5NQo=
50200000422,NTAyMDAwMDA0MjIyNjcxMwo=
50200000423,NTAyMDAwMDA0MjMyODUzMAo=
50200000424,NTAyMDAwMDA0MjQzMDM0Nwo=
50200000425,NTAyMDAwMDA0MjUxNjIzNQo=
50200000426,NTAyMDAwMDA0MjYxOTg2OQo=
50200000427,NTAyMDAwMDA0MjcyMTY4Ngo=
50200000428,NTAyMDAwMDA0MjgyMzUwMwo=
50200000429,NTAyMDAwMDA0MjkyNTMyMQo=
50200000430,NTAyMDAwMDA0MzAyNzEzOAo=
50200000431,NTAyMDAwMDA0MzEyODk1NQo=
50200000432,NTAyMDAwMDA0MzIzMDc3Mgo=
50200000433,NTAyMDAwMDA0MzMzMjU5MAo=
50200000434,NTAyMDAwMDA0MzQxNjM5Cg==
50200000435,NTAyMDAwMDA0MzUzNDU2Cg==
50200000436,NTAyMDAwMDA0MzY1MjczCg==
50200000437,NTAyMDAwMDA0Mzc3MDkwCg==
50200000438,NTAyMDAwMDA0Mzg4OTA4Cg==
50200000439,NTAyMDAwMDA0MzkxMDcyNQo=
50200000440,NTAyMDAwMDA0NDAxMjU0Mgo=
50200000441,NTAyMDAwMDA0NDExNDM1OQo=
50200000442,NTAyMDAwMDA0NDIxNjE3Nwo=
50200000443,NTAyMDAwMDA0NDMxNzk5NAo=
50200000444,NTAyMDAwMDA0NDQxOTgxMQo=
50200000445,NTAyMDAwMDA0NDUyMTYyOAo=
50200000446,NTAyMDAwMDA0NDYyMzQ0Ngo=
50200000447,NTAyMDAwMDA0NDcyNTI2Mwo=
50200000448,NTAyMDAwMDA0NDgyNzA4MAo=
50200000449,NTAyMDAwMDA0NDkyODg5Nwo=
50200000450,NTAyMDAwMDA0NTAzMDcxNAo=
50200000451,NTAyMDAwMDA0NTEzMjUzMgo=
50200000452,NTAyMDAwMDA0NTIxNTgxCg==
50200000453,NTAyMDAwMDA0NTMzMzk4Cg==
50200000454,NTAyMDAwMDA0NTQ1MjE1Cg==
50200000455,NTAyMDAwMDA0NTU3MDMzCg==
50200000456,NTAyMDAwMDA0NTY4ODUwCg==
50200000457,NTAyMDAwMDA0NTcxMDY2Nwo=
50200000458,NTAyMDAwMDA0NTgyOTMyMwo=
50200000459,NTAyMDAwMDA0NTkzMTE0MAo=
50200000460,NTAyMDAwMDA0NjAxODkK
50200000461,NTAyMDAwMDA0NjEyMDA2Cg==
50200000462,NTAyMDAwMDA0NjIzODIzCg==
50200000463,NTAyMDAwMDA0NjM1NjQxCg==
50200000464,NTAyMDAwMDA0NjQ3NDU4Cg==
50200000465,NTAyMDAwMDA0NjUyNjExMwo=
50200000466,NTAyMDAwMDA0NjYyNzkzMQo=
50200000467,NTAyMDAwMDA0NjcyOTc0OAo=
50200000468,NTAyMDAwMDA0NjgxNTYzNQo=
50200000469,NTAyMDAwMDA0NjkxNzQ1Mwo=
50200000470,NTAyMDAwMDA0NzAxOTI3MAo=
50200000471,NTAyMDAwMDA0NzEyMTA4Nwo=
50200000472,NTAyMDAwMDA0NzIyMjkwNAo=
50200000473,NTAyMDAwMDA0NzMyNDcyMgo=
50200000474,NTAyMDAwMDA0NzQyNjUzOQo=
50200000475,NTAyMDAwMDA0NzUyODM1Ngo=
50200000476,NTAyMDAwMDA0NzYzMDE3Mwo=
50200000477,NTAyMDAwMDA0NzczMTk5MAo=
50200000478,NTAyMDAwMDA0NzgxMDQwCg==
50200000479,NTAyMDAwMDA0NzkyODU3Cg==
50200000480,NTAyMDAwMDA0ODA0Njc0Cg==
50200000481,NTAyMDAwMDA0ODE2NDkxCg==
50200000482,NTAyMDAwMDA0ODIyNTE0Nwo=
50200000483,NTAyMDAwMDA0ODMyNjk2NAo=
50200000484,NTAyMDAwMDA0ODQyODc4MQo=
50200000485,NTAyMDAwMDA0ODUzMDU5OQo=
50200000486,NTAyMDAwMDA0ODYzMjQxNgo=
50200000487,NTAyMDAwMDA0ODcxNDY1Cg==
50200000488,NTAyMDAwMDA0ODgzMjgyCg==
50200000489,NTAyMDAwMDA0ODk1MDk5Cg==
50200000490,NTAyMDAwMDA0OTA2OTE3Cg==
50200000491,NTAyMDAwMDA0OTE4NzM0Cg==
50200000492,NTAyMDAwMDA0OTIxMDU1MQo=
50200000493,NTAyMDAwMDA0OTMxMjM2OAo=
50200000494,NTAyMDAwMDA0OTQxNDE4Ngo=
50200000495,NTAyMDAwMDA0OTUxNjAwMwo=
50200000496,NTAyMDAwMDA0OTYxNzgyMAo=
50200000497,NTAyMDAwMDA0OTcxOTYzNwo=
50200000498,NTAyMDAwMDA0OTgyMTQ1NAo=
50200000499,NTAyMDAwMDA0OTkyMzI3Mgo=
50200000500,NTAyMDAwMDA1MDAyNTA4OQo=
